name,id,annotation_version,gtf_path,fna_path,ensembl_db,source
Mus_musculus,GRCm39,Ens_110,,,mmusculus_gene_ensembl,ensembl
Mus_musculus,mm10,Ens_102,/n/core/Bioinformatics/analysis/CompBio/boweny/RoboIndex_runFolder/ROBOINDEX_2023/fna_gtfs/mm10.Ens_102.gtf,/n/core/Bioinformatics/analysis/CompBio/boweny/RoboIndex_runFolder/ROBOINDEX_2023/fna_gtfs/mm10.fa,,
Homo_sapiens,GRCh38,Ens_110,,,hsapiens_gene_ensembl,ensembl
Gallus_gallus,bGalGal1.mat.broiler.GRCg7b,Ens_110,,,ggallus_gene_ensembl,ensembl
Danio_rerio,danRer11_Lawson,lawson_4_3_2,/n/core/Bioinformatics/analysis/CompBio/boweny/RoboIndex_runFolder/ROBOINDEX_2025/fna_gtf/5b_V4.3.2finalFixChrOnly.gtf,/n/core/Bioinformatics/analysis/CompBio/boweny/RoboIndex_runFolder/ROBOINDEX_2025/fna_gtf/danRer11chrOnly.fa,,
Danio_rerio,GRCz11,Ens_106,,,drerio_gene_ensembl,ensembl
Drosophila_melanogaster,BDGP6.46,Ens_110,,,dmelanogaster_gene_ensembl,ensembl
Astyanax_mexicanus,Astyanax_mexicanus-2.0,Ens_110,,,amexicanus_gene_ensembl,ensembl
Astyanax_mexicanus,AstMex3_surface,NCBI_2022,/n/core/Bioinformatics/analysis/CompBio/boweny/RoboIndex_runFolder/SIMR_1_update/GTFs_FNAs/AstMex3_surface.Ens_102.gtf,/n/core/Bioinformatics/analysis/CompBio/boweny/RoboIndex_runFolder/SIMR_1_update/GTFs_FNAs/AstMex3_surface.fa,,
Nothobranchius_furzeri,GCF_043380555_1,NCBI_2024,/n/core/Bioinformatics/analysis/CompBio/boweny/RoboIndex_runFolder/ROBOINDEX_2025/fna_gtf/GCF_043380555.1_NfurGRZ-RIMD1_genomic.gtf,/n/core/Bioinformatics/analysis/CompBio/boweny/RoboIndex_runFolder/ROBOINDEX_2025/fna_gtf/GCF_043380555.1_NfurGRZ-RIMD1_genomic.fna,,
Montipora_capitata,Mcap,SIMR_2023,/n/core/Bioinformatics/analysis/CompBio/boweny/RoboIndex_runFolder/SIMR_1_update/GTFs_FNAs/Mcap.clean.gtf,/n/core/Bioinformatics/analysis/CompBio/boweny/RoboIndex_runFolder/SIMR_1_update/GTFs_FNAs/Mcap.genome_assembly.fa,,
Nematostella_vectensis,nemVec_NV2,nv2m-BETA-2,/n/core/Bioinformatics/analysis/CompBio/boweny/RoboIndex_runFolder/SIMR_1_update/GTFs_FNAs/nemVec_NV2.nv2m-BETA-2.gtf,/n/core/Bioinformatics/analysis/CompBio/boweny/RoboIndex_runFolder/SIMR_1_update/GTFs_FNAs/nemVec_NV2.fa,,
Saccharomycodes_ludwigii,sacLud,NCBI_2021,/n/core/Bioinformatics/analysis/CompBio/boweny/RoboIndex_runFolder/SIMR_1_update/GTFs_FNAs/sacLud.Ens_106.gtf,/n/core/Bioinformatics/analysis/CompBio/boweny/RoboIndex_runFolder/SIMR_1_update/GTFs_FNAs/GCF_020623625.1_UHD_SCDLUD_16_genomic.fna,,
Schizosaccharomyces_pombe,ASM294v2,Ens_fungi_57,/n/core/Bioinformatics/analysis/CompBio/boweny/RoboIndex_runFolder/ROBOINDEX_2023/fna_gtfs/Schizosaccharomyces_pombe.ASM294v2.57.gtf,/n/core/Bioinformatics/analysis/CompBio/boweny/RoboIndex_runFolder/ROBOINDEX_2023/fna_gtfs/Schizosaccharomyces_pombe.ASM294v2.dna.toplevel.fa,,
Escherichia_coli,gca_000485615,Ens_bacteria_117_collection,/n/core/Bioinformatics/analysis/CompBio/boweny/RoboIndex_runFolder/ROBOINDEX_2023/fna_gtfs/Escherichia_coli_110957_gca_000485615.ASM48561v1_.57.gtf,/n/core/Bioinformatics/analysis/CompBio/boweny/RoboIndex_runFolder/ROBOINDEX_2023/fna_gtfs/Escherichia_coli_110957_gca_000485615.ASM48561v1_.dna.toplevel.fa,,
Sinorhizobium_meliloti,gca_000006965,Ens_bacteria_0_collection,/n/core/Bioinformatics/analysis/CompBio/boweny/RoboIndex_runFolder/ROBOINDEX_2023/fna_gtfs/Sinorhizobium_meliloti_1021_gca_000006965.ASM696v1.57.gtf,/n/core/Bioinformatics/analysis/CompBio/boweny/RoboIndex_runFolder/ROBOINDEX_2023/fna_gtfs/Sinorhizobium_meliloti_1021_gca_000006965.ASM696v1.dna.toplevel.fa,,
Phyllostomus_discolor,GCF_004126475.2,NCBI_2023,/n/core/Bioinformatics/analysis/CompBio/boweny/RoboIndex_runFolder/ROBOINDEX_2023/fna_gtfs/GCF_004126475.2_mPhyDis1.pri.v3_genomic.gtf,/n/core/Bioinformatics/analysis/CompBio/boweny/RoboIndex_runFolder/ROBOINDEX_2023/fna_gtfs/GCF_004126475.2_mPhyDis1.pri.v3_genomic.fna,,
Pteronotus_parnellii,GCF_021234165.1,NCBI_2023,/n/core/Bioinformatics/analysis/CompBio/boweny/RoboIndex_runFolder/ROBOINDEX_2023/fna_gtfs/GCF_021234165.1_CSHL_Meso_final_genomic.gtf,/n/core/Bioinformatics/analysis/CompBio/boweny/RoboIndex_runFolder/ROBOINDEX_2023/fna_gtfs/GCF_021234165.1_CSHL_Meso_final_genomic.fna,,
Artibeus_jamaicensis,GCF_021234435.1,NCBI_2023,/n/core/Bioinformatics/analysis/CompBio/boweny/RoboIndex_runFolder/ROBOINDEX_2023/fna_gtfs/GCF_021234435.1_CSHL_Jam_final_genomic.gtf,/n/core/Bioinformatics/analysis/CompBio/boweny/RoboIndex_runFolder/ROBOINDEX_2023/fna_gtfs/GCF_021234435.1_CSHL_Jam_final_genomic.fna,,
Schmidtea_mediterranea,schMedS3_wbps19,wbps19,/n/core/Bioinformatics/analysis/CompBio/boweny/RoboIndex_runFolder/ROBOINDEX_2025/fna_gtf/schmidtea_mediterranea.S2F19H1_PRJNA885486.WBPS19.canonical_geneset_no_overlaps_prefcode.gtf,/n/core/Bioinformatics/analysis/CompBio/boweny/RoboIndex_runFolder/ROBOINDEX_2025/fna_gtf/schmidtea_mediterranea.S2F19H1_PRJNA885486.WBPS19.genomic.fa,,
Astyanax_mexicanus,astMex_2.0_old,Ens_102,/n/core/Bioinformatics/analysis/CompBio/boweny/RoboIndex_runFolder/ROBOINDEX_2023/fna_gtfs/astMex_2.0.Ens_102.gtf,/n/core/Bioinformatics/analysis/CompBio/boweny/RoboIndex_runFolder/ROBOINDEX_2023/fna_gtfs/astMex_2.0.fa,,
Oryzias_latipes,ASM223467v1,Ens_111,/n/core/Bioinformatics/analysis/CompBio/boweny/RoboIndex_runFolder/ROBOINDEX_2024/fna_gtfs/Oryzias_latipes.ASM223467v1.111.gtf,/n/core/Bioinformatics/analysis/CompBio/boweny/RoboIndex_runFolder/ROBOINDEX_2024/fna_gtfs/Oryzias_latipes.ASM223467v1.dna.toplevel.fa,,
Bradyrhizobium_japonicum,GCF_001642675.1,NCBI_2023,/n/core/Bioinformatics/analysis/CompBio/boweny/RoboIndex_runFolder/ROBOINDEX_2024/fna_gtfs/genomic.gtf,/n/core/Bioinformatics/analysis/CompBio/boweny/RoboIndex_runFolder/ROBOINDEX_2024/fna_gtfs/GCF_001642675.1_ASM164267v1_genomic.fna,,
Pomacea_canaliculata,GCF_003073045.1,NCBI_2022,/n/core/Bioinformatics/analysis/CompBio/boweny/RoboIndex_runFolder/ROBOINDEX_2024/fna_gtfs/GCF_003073045.1_ASM307304v1_genomic.gtf,/n/core/Bioinformatics/analysis/CompBio/boweny/RoboIndex_runFolder/ROBOINDEX_2024/fna_gtfs/GCF_003073045.1_ASM307304v1_genomic.fna,,
Medicago_truncatula,MtrunA17r5,ANR-EGN-r1_9,/n/core/Bioinformatics/analysis/CompBio/boweny/RoboIndex_runFolder/ROBOINDEX_2024/fna_gtfs/MtrunA17r5.0-ANR-EGN-r1.9.gtf,/n/core/Bioinformatics/analysis/CompBio/boweny/RoboIndex_runFolder/ROBOINDEX_2024/fna_gtfs/MtrunA17r5.0-20161119-ANR.genome.fasta,,
Glossophaga_soricina,GLSO_by2747,OMA__Sofia_2024,/n/core/Bioinformatics/analysis/CompBio/boweny/RoboIndex_runFolder/ROBOINDEX_2024/fna_gtfs/GLOSO.star_friendly.gff,/n/core/Bioinformatics/analysis/CompBio/boweny/RoboIndex_runFolder/ROBOINDEX_2024/fna_gtfs/GLOSO.star_friendly.fa,,
Arabidopsis_thaliana,TAIR10,Araport11,/n/core/Bioinformatics/analysis/CompBio/boweny/RoboIndex_runFolder/ROBOINDEX_2024/fna_gtfs/Araport11_GTF_genes_transposons.current.gtf,/n/core/Bioinformatics/analysis/CompBio/boweny/RoboIndex_runFolder/ROBOINDEX_2024/fna_gtfs/TAIR10_chr_all.fa,,
Ptychodera_flava,PflaM,kc1,/n/core/Bioinformatics/analysis/CompBio/boweny/RoboIndex_runFolder/ROBOINDEX_2024/fna_gtfs/PflaM.kc1.gtf,/n/core/Bioinformatics/analysis/CompBio/boweny/RoboIndex_runFolder/ROBOINDEX_2024/fna_gtfs/ptychodera_flava_moorea_genome.fa,,
Anoura_geoffroyi,ANOGE_by2747,OMA_Sofia_2024,/n/core/Bioinformatics/analysis/CompBio/boweny/RoboIndex_runFolder/ROBOINDEX_2024/fna_gtfs/ANOGE.OMA.gtf,/n/core/Bioinformatics/analysis/CompBio/boweny/RoboIndex_runFolder/ROBOINDEX_2024/fna_gtfs/Anoura_geoffroyi.trinity.BlastFiltered.SpeciesRenamed.starFriendly.fa,,
Glossophaga_mutica,GLOMU_by2747,OMA_Sofia_2024,/n/core/Bioinformatics/analysis/CompBio/boweny/RoboIndex_runFolder/ROBOINDEX_2024/fna_gtfs/GLOMU.OMA.gtf,/n/core/Bioinformatics/analysis/CompBio/boweny/RoboIndex_runFolder/ROBOINDEX_2024/fna_gtfs/Glossophaga_mutica.trinity.BlastFiltered.SpeciesRenamed.starFriendly.fa,,
Carollia_perspicillata,CARPE_by2747,OMA_Sofia_2024,/n/core/Bioinformatics/analysis/CompBio/boweny/RoboIndex_runFolder/ROBOINDEX_2024/fna_gtfs/CARPE.OMA.gtf,/n/core/Bioinformatics/analysis/CompBio/boweny/RoboIndex_runFolder/ROBOINDEX_2024/fna_gtfs/Carollia_perspicillata.trinity.BlastFiltered.SpeciesRenamed.starFriendly.fa,,
Acropora_millepora,GCF_013753865_1,NCBI_2021,/n/core/Bioinformatics/analysis/CompBio/boweny/RoboIndex_runFolder/ROBOINDEX_2025/fna_gtf/GCF_013753865.1_Amil_v2.1_genomic.gtf,/n/core/Bioinformatics/analysis/CompBio/boweny/RoboIndex_runFolder/ROBOINDEX_2025/fna_gtf/GCF_013753865.1_Amil_v2.1_genomic.fna,,
Notamacropus_eugenii,GCA_028372415_1,Ens_rapid-release,/n/core/Bioinformatics/analysis/CompBio/boweny/RoboIndex_runFolder/ROBOINDEX_2025/fna_gtf/Notamacropus_eugenii-GCA_028372415.1-2024_02-genes.gtf,/n/core/Bioinformatics/analysis/CompBio/boweny/RoboIndex_runFolder/ROBOINDEX_2025/fna_gtf/Notamacropus_eugenii-GCA_028372415.1-softmasked.fa,,
Saccharomyces_cerevisiae,R64-1-1,Ens_110,,,scerevisiae_gene_ensembl,ensembl